_id,content_id,retain_count
1,da1da5b6-34d8-4f72-a84a-2ea1a32248a2,1
2,93f3b2b1-1158-4238-93a8-240ccd9ce247,1
3,aeace0cdcc2dd7a493d1ad1025336dde,1
4,c3053da0-9c77-40a2-b450-cefb20026897,1
5,a66589a7b5d250e4c43aadfd8d1a75c4,1
6,43401306-9814-48fb-8b64-f316d6306a5a,1
7,60d4dbabba63cae5d8240c97cdbad0e3,1
8,5930ea95-2bd5-425d-944c-50ebf4fe7653,1
9,d9900d41e1679e58cb19d01e4f9536e9,1
10,94cd7840-c916-4fc9-ba80-40897b72b921,1
11,97fc292685ea18dc5cf14eeb6913d5a,1
12,d4a0c912-2641-4b36-8596-046307ef76cb,1
